,B0,E,Eh,El,Th,Tl,aic,bic,chisqr,id
0,,,,,,,,,,1
0,,,,,,,,,,3
0,,,,,,,,,,4
0,,,,,,,,,,5
0,4.3338434601812743e-07,1.05253032714875,31.71016928469965,4.042314061709177,31.71016928469965,31.71016928469965,-14.4446468965358,-15.69409008116747,0.07311792865977741,8
0,1.2187711358931593e-11,0.8673045447540002,-5.174652970360336,2.253896480299754,-5.174652970360336,-5.174652970360336,-36.390502623563805,-36.71504172923193,0.006963877851871305,9
0,,,,,,,,,,10
0,,,,,,,,,,11
0,,,,,,,,,,12
0,2.0274093704736496e-07,-0.044534591098723667,2.951816481364886e-05,-2.602458292381716,2.951816481364886e-05,2.951816481364886e-05,0.8150640667232629,-0.43437911790840644,0.9301619951677913,13
0,6.526394763578852e-08,0.3853817480602904,2.5075367401395887,-0.0013656124120546827,2.5075367401395887,2.5075367401395887,7.906807724910008,7.582268619241887,3.9007482568795484,14
0,,,,,,,,,,15
0,,,,,,,,,,16
0,,,,,,,,,,17
0,,,,,,,,,,18
0,0.0007240723693139556,0.4363166663506558,-3.1204859321133085e-05,0.0005849038594015985,-3.1204859321133085e-05,-3.1204859321133085e-05,-40.452843849308664,-40.77738295497679,0.003897759968191998,19
0,0.0002188567029433439,0.3661071662470263,1.3427995686795993,1.3421231948817869,1.3427995686795993,1.3427995686795993,-37.862564345277654,-38.18710345094578,0.00564314734716368,20
0,,,,,,,,,,21
0,0.001978265189852758,2.3694368154048147,1.6827715087161874,2.8524892285358288,1.6827715087161874,1.6827715087161874,-381.3444086419642,-382.5938518265959,2.0273725264180003e-28,22
0,,,,,,,,,,31
0,,,,,,,,,,32
0,,,,,,,,,,33
0,,,,,,,,,,36
0,,,,,,,,,,37
0,17.992158082740474,-3.301151399833019,-6.904175548395692,-3.8968415784449095,-6.904175548395692,-6.904175548395692,-39.01839810750853,-37.835050643491215,0.031070815041388315,38
0,,,,,,,,,,39
0,,,,,,,,,,40
0,3.1155245357435368e-06,0.5698167128661491,-21.665500534623067,1.8625177301428546,-21.665500534623067,-21.665500534623067,-24.117354613676653,-25.366797798308323,0.01458444640198902,41
0,,,,,,,,,,42
0,,,,,,,,,,43
0,,,,,,,,,,44
0,,,,,,,,,,45
0,,,,,,,,,,46
0,,,,,,,,,,47
0,,,,,,,,,,48
0,,,,,,,,,,49
0,,,,,,,,,,50
0,,,,,,,,,,51
0,,,,,,,,,,52
0,,,,,,,,,,53
0,,,,,,,,,,54
0,,,,,,,,,,55
0,,,,,,,,,,56
0,,,,,,,,,,57
0,,,,,,,,,,58
0,,,,,,,,,,59
0,9.333686168451689e-09,1.3399556492303655,-26.63192891908406,2.3354797642811604,-26.63192891908406,-26.63192891908406,-26.639238165657538,-26.162588915578525,0.06389825482353727,60
0,,,,,,,,,,61
0,1.809587554577795e-08,3.3521492403204207,7.524062142367516,2.9035881222342788,7.524062142367516,7.524062142367516,-44.241265275867185,-44.56580438153531,0.0022686818047263223,62
0,4.379177367324686e-09,2.4931987492853986,12.805716895168876,2.753366655576518,12.805716895168876,12.805716895168876,-57.9493089628818,-57.47265971280279,0.001275748672378447,63
0,,,,,,,,,,64
0,,,,,,,,,,65
0,5.065297424430487e-09,3.735256695326734,7.9384872387021375,3.5103993429969216,7.9384872387021375,7.9384872387021375,-44.167976439730545,-43.69132718965153,0.00714347795071105,66
0,,,,,,,,,,67
0,,,,,,,,,,68
0,,,,,,,,,,69
0,,,,,,,,,,70
0,,,,,,,,,,71
0,,,,,,,,,,72
0,,,,,,,,,,73
0,,,,,,,,,,74
0,,,,,,,,,,75
0,3.424215281815242e-08,5.675658377675893,11.181995202998541,5.315581607661261,11.181995202998541,11.181995202998541,-44.1585546473875,-42.97520718337018,0.017551518160688513,76
0,,,,,,,,,,77
0,,,,,,,,,,78
0,,,,,,,,,,79
0,1.0377030782129594e-05,22.434136368519304,29.375959614179852,21.70964508734491,29.375959614179852,29.375959614179852,-39.1030631365753,-37.919715672557984,0.030779895398086843,80
0,5.232907093889093e-10,4.469593754945362,8.283043805693659,4.091813207096174,8.283043805693659,8.283043805693659,-65.59514653803816,-65.91968564370629,0.00010738277344857275,81
0,,,,,,,,,,82
0,,,,,,,,,,83
0,,,,,,,,,,84
0,,,,,,,,,,85
0,8.883474290465908e-09,1.1431716109974563,11.796685377239525,3.8636705203925477,11.796685377239525,11.796685377239525,-23.369183671639135,-23.693722777307258,0.044742547901710686,86
0,8.891866614650172e-08,9.826972286470873,17.826902065181205,9.098798445247368,17.826902065181205,17.826902065181205,-31.925552401859022,-31.44890315178001,0.03299984189616152,87
0,,,,,,,,,,88
0,,,,,,,,,,89
0,,,,,,,,,,90
0,,,,,,,,,,91
0,,,,,,,,,,92
0,3.1472983741528235e-08,0.8328888470440493,5.707812010725911,-0.00022961172907794408,5.707812010725911,5.707812010725911,-18.130124174228854,-18.454663279896977,0.09457204968971862,93
0,,,,,,,,,,94
0,,,,,,,,,,95
0,,,,,,,,,,96
0,3.1738161622306693e-08,0.7651371284190942,4.523632286557712,0.0011617063168071515,4.523632286557712,4.523632286557712,-20.748330192306675,-21.072869297974798,0.06506147182849606,97
0,3.483573761696265e-08,0.6937236826205547,6.537124819757385,0.0005895272775524529,6.537124819757385,6.537124819757385,-18.069083251219073,-18.393622356887192,0.09540033656993194,98
0,0.00011863781252897238,27.449075153256363,32.76331548747417,26.60574669557843,32.76331548747417,32.76331548747417,-29.727243182904516,-30.05178228857264,0.018040706694545862,99
0,,,,,,,,,,100
0,3.175381852140819e-08,0.746609159632412,5.945986653693094,0.0009795406897409977,5.945986653693094,5.945986653693094,-17.50523189809773,-17.82977100376585,0.10340282675303848,101
0,,,,,,,,,,102
0,4.3154633133888516e-08,5.6398864451633415,15.817407632660188,5.224221678165313,15.817407632660188,15.817407632660188,-34.44529405724262,-33.96864480716361,0.024083695192523482,103
0,,,,,,,,,,104
0,,,,,,,,,,105
0,,,,,,,,,,106
0,4.657219079001249e-08,6.804573342559548,9.967712727833092,6.1398022769452645,9.967712727833092,9.967712727833092,-32.80362053362513,-32.326971283546115,0.02956952452101561,107
0,,,,,,,,,,108
0,,,,,,,,,,109
0,,,,,,,,,,110
0,0.00012424285666544937,33.17916781685718,40.9149508261749,32.65579777206362,40.9149508261749,40.9149508261749,-64.57582636006873,-64.09917710998971,0.0005572276170374643,111
0,,,,,,,,,,112
0,,,,,,,,,,113
0,,,,,,,,,,114
0,,,,,,,,,,115
0,2.1838935491424578e-08,4.098696387019099,10.359070682219807,3.4670055484250994,10.359070682219807,10.359070682219807,-33.878004902393506,-33.40135565231449,0.02585350567627235,116
0,6.213955685808803e-09,1.1936455916201578,38.81241035964448,4.381723483931034,38.81241035964448,38.81241035964448,-13.35421831362276,-12.877569063543746,0.33627172263424976,117
0,,,,,,,,,,118
0,8.832087582898215e-09,6.684742541510988,18.862339974520136,6.270084434565272,18.862339974520136,18.862339974520136,-33.96109276787025,-33.484443517791235,0.025586381177524112,119
0,,,,,,,,,,120
0,,,,,,,,,,121
0,,,,,,,,,,122
0,,,,,,,,,,123
0,8.111924024338505e-09,1.4088021425280282,9.68557242711073,1.5584551727987603,9.68557242711073,9.68557242711073,-45.75004726510285,-44.566699801085534,0.014706770088081147,124
0,4.364143479785809e-09,1.1785652742769435,12.479195122534122,4.067742623380759,12.479195122534122,12.479195122534122,-33.35356952153687,-32.17022205751955,0.05830537903930107,125
0,,,,,,,,,,126
0,,,,,,,,,,127
0,,,,,,,,,,128
0,,,,,,,,,,129
0,,,,,,,,,,130
0,,,,,,,,,,131
0,,,,,,,,,,132
0,,,,,,,,,,133
0,2.726175136891926e-08,3.858924448330699,10.603286905043884,3.3557594834817457,10.603286905043884,10.603286905043884,-1.2813085978476213,0.5342019601166541,2.6497206867305705,134
0,,,,,,,,,,135
0,,,,,,,,,,136
0,,,,,,,,,,137
0,,,,,,,,,,138
0,,,,,,,,,,139
0,,,,,,,,,,140
0,,,,,,,,,,141
0,,,,,,,,,,142
0,,,,,,,,,,143
0,,,,,,,,,,144
0,1.2494207976460089e-08,3.5798050891908213,13.181812312771333,3.4288417286677246,13.181812312771333,13.181812312771333,-28.881548241548643,-27.698200777531326,0.09583094094997188,145
0,,,,,,,,,,146
0,,,,,,,,,,147
0,,,,,,,,,,148
0,,,,,,,,,,149
0,,,,,,,,,,150
0,,,,,,,,,,151
0,9.597010422042644e-09,0.7277900121787991,40.01187616236539,5.102782665831716,40.01187616236539,40.01187616236539,-25.91618786257311,-24.732840398555794,0.13322908549085039,152
0,,,,,,,,,,153
0,4.35651635819459e-06,21.231607948067364,23.692481329309437,20.520795657999052,23.692481329309437,23.692481329309437,-28.840428598222545,-28.36377934814353,0.04852811136887565,154
0,,,,,,,,,,155
0,7.906706939751091e-09,0.9030976560604649,17.520847091411124,7.180968107407247,17.520847091411124,17.520847091411124,-16.269159913141284,-15.085812449123967,0.38914891613553965,156
0,9.588166223941743e-09,3.040642514260129,12.769007818615194,2.977586523032463,12.769007818615194,12.769007818615194,-31.191381468367986,-30.00803400435067,0.07413868574829442,157
0,,,,,,,,,,158
0,,,,,,,,,,159
0,1.64553995017232e-08,3.3308632034414125,14.617714220661663,2.974820576336888,14.617714220661663,14.617714220661663,-50.228267278190394,-49.75161802811138,0.003349005415592258,160
0,5.308648141424585e-08,4.546372030464558,14.395541392682162,4.095171887640492,14.395541392682162,14.395541392682162,-33.46328121801572,-32.27993375399841,0.057598940038763265,161
0,4.675385486517085e-08,0.7269485705234926,5.158692113622343,-5.941349584855859e-05,5.158692113622343,5.158692113622343,-1.9817364875902044,-0.7983890235728879,1.9035076218136948,162
0,,,,,,,,,,163
0,,,,,,,,,,164
0,,,,,,,,,,165
0,,,,,,,,,,166
0,,,,,,,,,,167
0,,,,,,,,,,168
0,,,,,,,,,,169
0,,,,,,,,,,170
0,,,,,,,,,,171
0,9.670881088415037e-09,1.5988990813116033,-21.85313226391947,2.623229732533337,-21.85313226391947,-21.85313226391947,-22.6890262479468,-21.505678783929483,0.19068895763409324,172
0,,,,,,,,,,173
0,,,,,,,,,,174
0,,,,,,,,,,175
0,,,,,,,,,,176
0,,,,,,,,,,177
0,,,,,,,,,,178
0,,,,,,,,,,179
0,,,,,,,,,,180
0,,,,,,,,,,181
0,,,,,,,,,,182
0,,,,,,,,,,183
0,1.843933475204014e-08,1.735113606833797,10.515599183418804,1.568522753070716,10.515599183418804,10.515599183418804,-34.556030565953364,-33.37268310193605,0.05101336061264615,184
0,,,,,,,,,,185
0,,,,,,,,,,186
0,,,,,,,,,,187
0,,,,,,,,,,190
0,,,,,,,,,,191
0,,,,,,,,,,192
0,,,,,,,,,,193
0,,,,,,,,,,195
0,,,,,,,,,,196
0,,,,,,,,,,197
0,,,,,,,,,,198
0,0.032372301622552994,5.104928119459686,3.5887741714272647,5.065260128050345,3.5887741714272647,3.5887741714272647,-8.585489659564242,-8.910028765232363,0.36977000008394556,199
0,,,,,,,,,,200
0,,,,,,,,,,201
0,6.986691827471957e-05,-0.1617701201485133,-0.8536168606701011,2.762674889790054,-0.8536168606701011,-0.8536168606701011,-102.57216460421266,-98.3238633975994,0.0072258232571742265,202
0,5.4906710812854326e-06,0.6432874134811895,0.000453827837870909,0.6748204115762201,0.000453827837870909,0.000453827837870909,-30.011514078686858,-28.82816661466954,0.08452385883410826,203
0,,,,,,,,,,204
0,1.485998788698985e-06,0.2841721242777329,-1.4184442126402377,-0.00012265781551671606,-1.4184442126402377,-1.4184442126402377,-24.788936417527154,-26.038379602158823,0.01304004940592163,205
0,4.896356091224549e-06,0.7480756656613551,15.902413699900617,0.9894613469435538,15.902413699900617,15.902413699900617,-22.334479240065576,-22.6590183457337,0.051869960265027035,206
0,,,,,,,,,,207
0,2.161962188170024e-06,-0.053425143633671394,-2.491667773485496,18.25125243556051,-2.491667773485496,-2.491667773485496,-39.23737233300927,-40.486815517640935,0.0011734553566842571,208
0,,,,,,,,,,209
0,,,,,,,,,,210
0,,,,,,,,,,211
0,,,,,,,,,,212
0,,,,,,,,,,213
0,,,,,,,,,,214
0,,,,,,,,,,215
0,0.9391525636571171,0.4065446908993069,-6.387556556803454,6.984794868702035,-6.387556556803454,-6.387556556803454,-18.19993225829193,-18.524471363960053,0.09363360914912326,216
0,,,,,,,,,,217
0,,,,,,,,,,219
0,,,,,,,,,,220
0,,,,,,,,,,221
0,,,,,,,,,,222
0,,,,,,,,,,223
0,,,,,,,,,,224
0,,,,,,,,,,225
0,33.108061178298456,3.28474636797589,28.763886782364537,3.4286251255511058,28.763886782364537,28.763886782364537,-20.66769217415667,-20.992231279824793,0.0658152951429886,226
0,,,,,,,,,,227
0,4.908535148973537,0.26626965932959,-4.9751321093108505,3.776766523594163e-06,-4.9751321093108505,-4.9751321093108505,-11.654970015569848,-11.97950912123797,0.23850350285455973,228
0,,,,,,,,,,229
0,5.703298023660724,0.17025396324038167,3.0316827958755788,0.0001885938345825573,3.0316827958755788,3.0316827958755788,-0.4565866750104881,-0.7811257806786092,1.1810427880457544,231
0,,,,,,,,,,232
0,,,,,,,,,,234
0,5.119008999289399e-05,1.9930568882385884,1.721359004815836,3.6912681745603195,1.721359004815836,1.721359004815836,-370.7435641242768,-371.9930073089085,1.1864468014524018e-27,243
0,1.3621810392655308e-06,0.4651880042646899,1.8022479506550275,-17.843865900990036,1.8022479506550275,1.8022479506550275,-21.65291258213935,-22.90235576677102,0.021992379005858383,244
0,1.1357807975885518e+24,35.51297887558017,34.22210721829459,35.71668114836377,34.22210721829459,34.22210721829459,-41.56042325412457,-41.08377400404556,0.009896131407938767,245
0,0.00026856442676451907,2.423463190752428,2.942946753379976,2.1894209704120997,2.942946753379976,2.942946753379976,-56.13483760341681,-56.459376709084935,0.0004148315266636402,250
0,,,,,,,,,,256
0,,,,,,,,,,257
0,0.0003264834693430903,2.536825831140316,2.505562359058792,14.988841688535075,2.505562359058792,2.505562359058792,-34.7453167763984,-35.99475996103007,0.002480917915242005,259
0,7.543695619263238e-06,-0.16706146918732812,4.652920241055556,-1.5843448403339304,4.652920241055556,4.652920241055556,-47.67659793234475,-47.199948682265735,0.004607208209616403,261
0,,,,,,,,,,262
0,,,,,,,,,,264
0,0.0007872040536840671,2.9370219025752426,5.098415332267859,2.898534416547223,5.098415332267859,5.098415332267859,-384.33972910783825,-385.5891722924699,1.2306230121447784e-28,265
0,,,,,,,,,,266
0,,,,,,,,,,268
0,4.445700910067749e-06,1.069956772948776,1.8472832260041951,7.149891114036159e-05,1.8472832260041951,1.8472832260041951,-18.696565994473943,-18.21991674439493,0.17245323035846127,269
0,4.839161398760524e-06,0.057736154060669814,1.5711941808178669,5.148831960338682e-06,1.5711941808178669,1.5711941808178669,-22.611984270802566,-22.93652337647069,0.04985387599248345,270
0,,,,,,,,,,291
0,,,,,,,,,,292
0,2.618116456763638e-06,0.07525008280202529,-0.0006378439648611886,-4.658880281537209e-06,-0.0006378439648611886,-0.0006378439648611886,3.607786671269025,2.358343486637356,1.4815031996603534,293
0,,,,,,,,,,294
0,,,,,,,,,,295
0,0.0001718438596736185,3.4293000534190945,4.933520827728802,3.147282882432327,4.933520827728802,4.933520827728802,-41.793649203883746,-42.11818830955187,0.003218316506961399,297
0,,,,,,,,,,299
0,,,,,,,,,,301
0,,,,,,,,,,302
0,,,,,,,,,,303
0,1.3506944991859811e-05,0.276320865650695,3.180395144213288,-4.469451151916807,3.180395144213288,3.180395144213288,-40.129217795044426,-40.45375690071255,0.004082192879350742,322
0,,,,,,,,,,323
0,,,,,,,,,,324
0,,,,,,,,,,325
0,,,,,,,,,,326
0,,,,,,,,,,327
0,,,,,,,,,,328
0,,,,,,,,,,329
0,,,,,,,,,,330
0,,,,,,,,,,331
0,,,,,,,,,,332
0,,,,,,,,,,333
0,,,,,,,,,,334
0,,,,,,,,,,335
0,,,,,,,,,,336
0,,,,,,,,,,337
0,4.097714554374952e-06,0.471220700420817,6.951088211469441,-9.601490993336925e-06,6.951088211469441,6.951088211469441,-39.851677117345915,-36.01733313965437,0.3448540851354113,338
0,,,,,,,,,,339
0,,,,,,,,,,340
0,8.553685488037094e-06,0.5657309537972991,1.8938794736652789,-2.619201648378341e-05,1.8938794736652789,1.8938794736652789,-71.40856971390679,-65.14143508756625,0.39561482100193307,341
0,0.00030097212020570237,18.759696726276708,20.01540360217266,18.468092781568874,20.01540360217266,20.01540360217266,-28.13584303393211,-29.38528621856378,0.007464866712846187,342
0,0.00036951943606141306,20.133562875177,21.456344442523825,19.967477866867554,21.456344442523825,21.456344442523825,-56.30738211686308,-57.556825301494754,6.821785547374332e-05,343
0,0.0001646679160952531,20.186113770158048,21.629154507637132,19.938300985589454,21.629154507637132,21.629154507637132,-33.003559302006046,-34.25300248663771,0.0033165382103651836,344
0,0.0003376782775854943,18.885278847702185,20.728624648406303,18.77488427510729,20.728624648406303,20.728624648406303,-27.938156052899316,-29.187599237530986,0.007714914520165133,345
0,,,,,,,,,,346
0,,,,,,,,,,347
0,9.445370454977848e-05,0.32321114588364336,1.5476559970025958,0.0007330805606167667,1.5476559970025958,1.5476559970025958,-33.680095881765844,-34.92953906639751,0.0029628908628416893,348
0,0.00028552125159123114,19.16355425677964,20.39622413090967,18.939315927735425,20.39622413090967,20.39622413090967,-38.66869382818555,-39.918137012817226,0.0012901163956801657,349
0,,,,,,,,,,350
0,8.740276812364237e-05,0.28194965679362505,1.5552190281704854,0.00011341164289541322,1.5552190281704854,1.5552190281704854,-29.73737765140077,-30.98682083603244,0.005716090768375816,351
0,8.632844225536581e-06,1.8699490758962913,-0.0012558154104693735,1.4557665107233848,-0.0012558154104693735,-0.0012558154104693735,-18.819298230061317,-20.068741414692987,0.035267612264864454,352
0,,,,,,,,,,353
0,6.133917171354351e-05,1.2853101705625605,0.6957283673560989,0.6964728822626156,0.6957283673560989,0.6957283673560989,-26.926969301391402,-28.17641248602307,0.009131103305772919,354
0,,,,,,,,,,355
0,9.171504074141832e-06,0.5630604463985307,0.0019595436019164427,0.0015907169646516438,0.0019595436019164427,0.0019595436019164427,-25.89593108440647,-27.14537426903814,0.010843070736193727,356
0,,,,,,,,,,357
0,,,,,,,,,,358
0,,,,,,,,,,359
0,,,,,,,,,,360
0,,,,,,,,,,361
0,5.966205335265771e-07,0.2854078482547044,13.196683649247332,1.7484233503619375e-05,13.196683649247332,13.196683649247332,-0.7017023463156278,-1.9511455309472971,0.7223894205690637,365
0,,,,,,,,,,366
0,,,,,,,,,,367
0,,,,,,,,,,368
0,,,,,,,,,,370
0,,,,,,,,,,372
0,,,,,,,,,,373
0,,,,,,,,,,374
0,,,,,,,,,,375
0,,,,,,,,,,376
0,,,,,,,,,,377
0,,,,,,,,,,378
0,,,,,,,,,,379
0,,,,,,,,,,380
0,,,,,,,,,,381
0,,,,,,,,,,382
0,,,,,,,,,,383
0,,,,,,,,,,388
0,3.405889672908381e-06,0.20912601963856361,-2.3886583078461148,0.0010205288453933178,-2.3886583078461148,-2.3886583078461148,-16.18973304142972,-15.713083791350705,0.23591703355496402,389
0,,,,,,,,,,390
0,1.7319537085082027e-06,0.3242313035163618,-2.1889252940159474,0.0002524185079172595,-2.1889252940159474,-2.1889252940159474,-7.683748203881073,-7.20709895380206,0.6831594551294595,391
0,,,,,,,,,,392
0,,,,,,,,,,393
0,2.2186343607959856e-06,0.1807405710540569,-2.692837697000656,-0.00019734966857599652,-2.692837697000656,-2.692837697000656,-8.055530870964532,-7.578881620885518,0.6521375212129121,394
0,,,,,,,,,,395
0,,,,,,,,,,396
0,,,,,,,,,,397
0,,,,,,,,,,398
0,,,,,,,,,,401
0,,,,,,,,,,402
0,,,,,,,,,,405
0,,,,,,,,,,406
0,,,,,,,,,,412
0,,,,,,,,,,413
0,,,,,,,,,,414
0,,,,,,,,,,415
0,,,,,,,,,,416
0,,,,,,,,,,417
0,,,,,,,,,,418
0,,,,,,,,,,419
0,,,,,,,,,,420
0,,,,,,,,,,421
0,,,,,,,,,,422
0,,,,,,,,,,423
0,,,,,,,,,,424
0,,,,,,,,,,425
0,,,,,,,,,,426
0,,,,,,,,,,427
0,,,,,,,,,,428
0,,,,,,,,,,429
0,,,,,,,,,,430
0,,,,,,,,,,431
0,,,,,,,,,,432
0,,,,,,,,,,433
0,0.00011126222500353283,3.7499086622452698,8.272616035286628,3.675300569754932,8.272616035286628,8.272616035286628,-141.70887907820472,-130.8689041395828,1.4783248983900024,436
0,,,,,,,,,,437
0,,,,,,,,,,438
0,,,,,,,,,,439
0,,,,,,,,,,440
0,,,,,,,,,,441
0,,,,,,,,,,442
0,,,,,,,,,,443
0,1.5481805845180674e-09,-0.3007036430476148,57.19925957854275,-1.4693903484704218,57.19925957854275,57.19925957854275,-41.12154582649694,-39.30603526853267,0.04931290390655362,444
0,,,,,,,,,,445
0,,,,,,,,,,446
0,,,,,,,,,,447
0,,,,,,,,,,448
0,,,,,,,,,,451
0,,,,,,,,,,454
0,1.459271558746752,0.34708114195579887,1.258302516713643,-0.00014335177509475558,1.258302516713643,1.258302516713643,-10.32121772579653,-9.137870261779213,0.753587060942206,455
0,,,,,,,,,,456
0,,,,,,,,,,457
0,1499247.724595906,17.581170323672765,20.213945548685675,16.961113208668777,20.213945548685675,20.213945548685675,-18.289788939011316,-17.813139688932303,0.18144874248808218,458
0,557184.3316223137,18.53470034585166,28.753641105577113,18.49534656478817,28.753641105577113,28.753641105577113,-49.17568292577151,-48.6990336756925,0.003819946643842863,459
0,,,,,,,,,,460
0,,,,,,,,,,461
0,2.614154353608344e-07,1.7962716353377026,-5.198092669839949,1.5390434656456304,-5.198092669839949,-5.198092669839949,-30.869346391145044,-32.11878957577672,0.004733304966931496,463
0,4.5167505021378895e-08,0.7614850104269402,13.52347949184127,-0.00020646839325105533,13.52347949184127,13.52347949184127,-0.5868395302894989,-1.8362827149211682,0.7363519223593773,464
0,,,,,,,,,,465
0,,,,,,,,,,466
0,,,,,,,,,,467
0,,,,,,,,,,468
0,7.336211577860793e-06,3.52563395810193,2.9835732512294015,4.477283374321653,2.9835732512294015,2.9835732512294015,-143.02210962840473,-135.70885467919553,0.050690915785465515,469
0,,,,,,,,,,470
0,,,,,,,,,,471
0,,,,,,,,,,476
0,,,,,,,,,,478
0,5.029387715974253e-07,0.5348350462631035,3.6359609203816605,0.0009285883717767189,3.6359609203816605,3.6359609203816605,-63.921113792283535,-59.67281258567027,0.09504950811730159,479
0,,,,,,,,,,480
0,,,,,,,,,,481
0,,,,,,,,,,482
0,,,,,,,,,,483
0,,,,,,,,,,484
0,,,,,,,,,,485
0,8.109377892445534e-05,0.13943586435536062,0.001772787403853937,0.0017106910059218059,0.001772787403853937,0.001772787403853937,-6.980501978588823,-6.503852728509809,0.7459317240830067,486
0,6.380610289374025e-05,0.08221820220120019,-0.0004128043766745887,-0.0011560567938462963,-0.0004128043766745887,-0.0004128043766745887,-14.300541933862391,-13.823892683783377,0.2987565653075701,487
0,3.2254087151727844e-05,0.6868279479060665,0.0008790535121256241,1.7688745684134384,0.0008790535121256241,0.0008790535121256241,-28.167656590970942,-29.417099775602612,0.00742539080060423,488
0,8.844756769149416e-05,0.10060445849271313,0.0030726676270648166,0.00299530213185991,0.0030726676270648166,0.0030726676270648166,-13.561503221926348,-13.886042327594469,0.18163916525525417,489
0,6.70755808870424e-05,0.1282630782324647,5.549699432400103,2.54893571834456e-06,5.549699432400103,5.549699432400103,-13.250512114610725,-12.773862864531711,0.34065928253781996,490
0,,,,,,,,,,491
0,8.059656362369547e-05,0.1481158295838369,2.924399667614408,-0.00021977749503624083,2.924399667614408,2.924399667614408,-13.866449220861888,-13.389799970782875,0.3154154529364231,492
0,,,,,,,,,,493
0,,,,,,,,,,494
0,9.198163346217563e-05,0.11629596802536517,0.0019854621834928207,0.0020812721857260096,0.0019854621834928207,0.0019854621834928207,-17.10724409463089,-15.923896630613573,0.35454725006115295,495
0,,,,,,,,,,496
0,,,,,,,,,,497
0,,,,,,,,,,498
0,,,,,,,,,,499
0,,,,,,,,,,500
0,1.1362624152621902e-05,0.4826529246317845,-2.009895818037508,-3.953229305965161e-05,-2.009895818037508,-2.009895818037508,-29.073954389433553,-28.59730513935454,0.047132016313881364,501
0,,,,,,,,,,502
0,24.07211896029294,2.2809973396132275,-90.29306049902289,3.326079238094717,-90.29306049902289,-90.29306049902289,-4.604610106898587,-4.127960856819573,1.0038727581398417,505
0,,,,,,,,,,506
0,,,,,,,,,,507
0,,,,,,,,,,521
0,,,,,,,,,,522
0,,,,,,,,,,523
0,,,,,,,,,,524
0,,,,,,,,,,531
0,,,,,,,,,,532
0,,,,,,,,,,533
0,,,,,,,,,,534
0,,,,,,,,,,536
0,,,,,,,,,,538
0,5.353568757993614e-07,0.4645810994255713,-0.0006908413529708474,-0.0005245079911463603,-0.0006908413529708474,-0.0006908413529708474,-5.721178619976811,-6.970621804608481,0.3129317069933906,540
0,,,,,,,,,,543
0,,,,,,,,,,544
0,,,,,,,,,,545
0,,,,,,,,,,546
0,,,,,,,,,,547
0,,,,,,,,,,548
0,,,,,,,,,,549
0,,,,,,,,,,550
0,,,,,,,,,,551
0,,,,,,,,,,552
0,,,,,,,,,,553
0,,,,,,,,,,554
0,,,,,,,,,,555
0,,,,,,,,,,557
0,,,,,,,,,,558
0,,,,,,,,,,560
0,,,,,,,,,,561
0,,,,,,,,,,563
0,,,,,,,,,,564
0,,,,,,,,,,566
0,,,,,,,,,,567
0,,,,,,,,,,569
0,,,,,,,,,,570
0,,,,,,,,,,572
0,,,,,,,,,,573
0,,,,,,,,,,574
0,,,,,,,,,,575
0,,,,,,,,,,576
0,,,,,,,,,,577
0,,,,,,,,,,578
0,,,,,,,,,,579
0,,,,,,,,,,580
0,,,,,,,,,,581
0,,,,,,,,,,582
0,,,,,,,,,,583
0,,,,,,,,,,584
0,,,,,,,,,,585
0,,,,,,,,,,586
0,,,,,,,,,,587
0,,,,,,,,,,588
0,,,,,,,,,,589
0,,,,,,,,,,590
0,,,,,,,,,,591
0,,,,,,,,,,592
0,,,,,,,,,,593
0,,,,,,,,,,594
0,,,,,,,,,,595
0,,,,,,,,,,596
0,,,,,,,,,,597
0,,,,,,,,,,598
0,,,,,,,,,,599
0,,,,,,,,,,600
0,,,,,,,,,,601
0,,,,,,,,,,602
0,,,,,,,,,,607
0,,,,,,,,,,610
0,82.6780410583544,0.5706758712427773,-0.0002769020480297552,-0.00023638822314417943,-0.0002769020480297552,-0.0002769020480297552,-10.286485985126607,-11.535929169758276,0.14621825713972073,615
0,10.495019979771518,0.5813666143601001,-8.024469575792958,3.5710615204866802,-8.024469575792958,-8.024469575792958,-21.099256309749784,-22.348699494381453,0.02411832753038379,616
0,19.332708174910206,0.4427789008094658,-1.0296586505266998,3.35819896528131e-05,-1.0296586505266998,-1.0296586505266998,-56.95717986449142,-57.281718970159545,0.00036885182756846575,617
0,,,,,,,,,,618
0,,,,,,,,,,619
0,,,,,,,,,,620
0,,,,,,,,,,621
0,2.669656627569395e-06,0.6043488427653548,1.7521489109762813,-3.378389643581452e-06,1.7521489109762813,1.7521489109762813,-42.54658004002026,-39.63714014129226,0.12737221058923248,622
0,,,,,,,,,,623
0,,,,,,,,,,624
0,5.268902621434952e-06,0.4119762801775886,-6.523427569138864,1.5249714256148454,-6.523427569138864,-6.523427569138864,-52.2773711445852,-50.46186058662093,0.016161037576811515,625
0,,,,,,,,,,626
0,,,,,,,,,,627
0,,,,,,,,,,628
0,,,,,,,,,,629
0,,,,,,,,,,630
0,,,,,,,,,,631
0,,,,,,,,,,632
0,,,,,,,,,,633
0,,,,,,,,,,634
0,,,,,,,,,,641
0,,,,,,,,,,642
0,4.6846388792332835e-07,0.5461140213322947,5.137649398615959,-0.002639891693731998,5.137649398615959,5.137649398615959,-69.56504459918627,-69.88958370485439,6.0902332749053376e-05,643
0,,,,,,,,,,644
0,,,,,,,,,,646
0,0.00026822098884460337,0.4217069138884161,3.8778963607699346,-6.993068441661948e-05,3.8778963607699346,3.8778963607699346,-15.766194371903755,-17.015637556535424,0.05866338024361699,661
0,,,,,,,,,,662
0,,,,,,,,,,663
0,,,,,,,,,,664
0,,,,,,,,,,665
0,,,,,,,,,,666
0,,,,,,,,,,667
0,,,,,,,,,,668
0,163.91447090031625,0.13422916725658565,-2.6260497577664386,0.00023424805404955893,-2.6260497577664386,-2.6260497577664386,-22.1347486585478,-20.951401194530483,0.202801973994146,669
0,206.26688797469123,-0.013848580280565095,8.823593753871468e-06,-24.802737849378126,8.823593753871468e-06,8.823593753871468e-06,-57.91372919039054,-56.730381726373224,0.003806795366505531,670
0,,,,,,,,,,671
0,191.31306529636075,0.13993039390674802,3.175977070259497,2.1608902738199793e-05,3.175977070259497,3.175977070259497,-23.345130353495172,-22.161782889477855,0.17728225976985945,672
0,188.02809472169983,0.1297138984627616,-2.5393928606742406,8.366201734332175e-06,-2.5393928606742406,-2.5393928606742406,-23.813176367499445,-22.629828903482128,0.1682983063232472,673
0,300.72484397188043,-0.0027424891326574773,-1.714946663667212e-05,-0.0005860763258305717,-1.714946663667212e-05,-1.714946663667212e-05,-56.135872855584395,-54.95252539156708,0.004638204438156591,674
0,,,,,,,,,,675
0,,,,,,,,,,676
0,0.00022535021363761322,1.8184992783125202,-0.000546426396888793,1.3537272139917116,-0.000546426396888793,-0.000546426396888793,-52.288698113234204,-51.10535064921689,0.007112054612251383,677
0,,,,,,,,,,679
0,4.0157721923569824e-07,1.5667487930975172,-30.73505806422963,6.03497152543035,-30.73505806422963,-30.73505806422963,238.19954443885976,264.9307358189005,907.649439681571,680
0,7.061037894077556e-05,3.4834645767818224,11.69596953624167,3.1401517620526715,11.69596953624167,11.69596953624167,2.0368315716290795,26.87613888498661,454.14303635673156,681
0,,,,,,,,,,682
0,,,,,,,,,,683
0,1.9414122776294756e-07,1.9030377489630874,6.487719750052869,-0.0011886192251278904,6.487719750052869,6.487719750052869,172.30675205258348,198.6077918618875,776.1106245287275,684
0,,,,,,,,,,685
0,,,,,,,,,,686
0,,,,,,,,,,687
0,,,,,,,,,,688
0,,,,,,,,,,689
0,,,,,,,,,,690
0,,,,,,,,,,691
0,,,,,,,,,,692
0,,,,,,,,,,693
0,,,,,,,,,,702
0,,,,,,,,,,703
0,6.543777649941502e-06,0.03869030871343744,-1.2569599650658312e-05,8.856642048887354e-05,-1.2569599650658312e-05,-1.2569599650658312e-05,-9.810098646225757,-11.059541830857427,0.15830100367039218,713
0,,,,,,,,,,716
0,6.683306843846096e-06,0.02556727450526357,-0.0005120816943158505,-0.00034129512683958016,-0.0005120816943158505,-0.0005120816943158505,-8.495317564712252,-9.744760749343921,0.19708369523518596,718
0,4.076048955187849e-06,0.05842905730069946,3.158090068080718,-6.084684799197709e-05,3.158090068080718,3.158090068080718,-7.305292039011313,-8.554735223642982,0.24031872786124492,719
0,,,,,,,,,,720
0,,,,,,,,,,721
0,,,,,,,,,,722
0,,,,,,,,,,723
0,,,,,,,,,,724
0,,,,,,,,,,725
0,,,,,,,,,,726
0,,,,,,,,,,727
0,,,,,,,,,,728
0,,,,,,,,,,729
0,,,,,,,,,,730
0,,,,,,,,,,731
0,,,,,,,,,,732
0,,,,,,,,,,733
0,5.132697519981866e-07,2.2803624010280705,-0.002434023995382523,2.054558798795873,-0.002434023995382523,-0.002434023995382523,-21.831259387197072,-19.443887750406848,0.5077968756737289,734
0,1.4588603161826296e-06,0.4185758374978707,-0.0003917846205024971,6.263616999319095,-0.0003917846205024971,-0.0003917846205024971,-2.012877064116344,0.8965628346116592,3.732830878446351,735
0,,,,,,,,,,736
0,1.7175510573147198e-07,2.9091709703801967,-0.0003465765762932591,2.897457758125335,-0.0003465765762932591,-0.0003465765762932591,-27.889941538242788,-24.980501639514785,0.4320322049308574,737
0,,,,,,,,,,738
0,,,,,,,,,,739
0,3.1058459389965745e-05,0.09886630065031611,4.203131704930434,0.0011249269913858216,4.203131704930434,4.203131704930434,-15.732380121602475,-14.549032657585158,0.4130647198124079,740
0,,,,,,,,,,741
0,,,,,,,,,,746
0,2.667479982111591e-18,0.681115363772502,4.43020680706577,-6.552995888335656,4.43020680706577,4.43020680706577,-13.334131037427,-13.65867014309512,0.187635987887244,747
0,,,,,,,,,,748
0,2.276340603596097e-17,18.752971535037826,23.919561097749533,18.341979841398658,23.919561097749533,23.919561097749533,-38.23706003165867,-39.486503216290345,0.0013863458623881914,749
0,,,,,,,,,,750
0,,,,,,,,,,751
0,,,,,,,,,,752
0,,,,,,,,,,753
0,,,,,,,,,,754
0,,,,,,,,,,757
0,,,,,,,,,,758
0,,,,,,,,,,759
0,,,,,,,,,,760
0,,,,,,,,,,761
0,,,,,,,,,,762
0,,,,,,,,,,763
0,,,,,,,,,,764
0,,,,,,,,,,775
0,,,,,,,,,,789
0,,,,,,,,,,793
0,,,,,,,,,,794
0,,,,,,,,,,801
0,,,,,,,,,,802
0,,,,,,,,,,803
0,,,,,,,,,,804
0,3.9826121852314e-05,0.08738810878036063,-2.9427460078077656,-0.00010639731713478784,-2.9427460078077656,-2.9427460078077656,-1.2860160564361696,-2.535459241067839,0.6553560913352563,805
0,,,,,,,,,,806
0,,,,,,,,,,807
0,,,,,,,,,,809
0,,,,,,,,,,810
0,,,,,,,,,,811
0,,,,,,,,,,813
0,,,,,,,,,,814
0,,,,,,,,,,815
0,116548.6369863605,-1.4530258834858594,9.440229558468126,-1.7692896365547852,9.440229558468126,9.440229558468126,-38.15027906799843,-36.33476851003416,0.06637446804727662,816
0,,,,,,,,,,817
0,4.922044123503514e-05,0.05816204794179105,1.282067951782057,0.0003633930299726848,1.282067951782057,1.282067951782057,-31.512697589807317,-31.83723669547544,0.01397913376375768,818
0,4.52124287181239e-05,0.12246282022831116,2.393257585041288e-06,2.446240544450664,2.393257585041288e-06,2.393257585041288e-06,-12.464392404156165,-12.788931509824286,0.2124596796300749,819
0,5.8763413919204006e-05,0.11104336349772413,1.2571599440509362,-0.0002048375908682422,1.2571599440509362,1.2571599440509362,-27.161664647118428,-27.48620375278655,0.02602719380527936,821
0,,,,,,,,,,822
0,5.8995387109676664e-05,0.1461583638936304,3.2601009542428394,-0.00072320151034415,3.2601009542428394,3.2601009542428394,-6.481192297848512,-6.805731403516633,0.4994438102522274,823
0,1.032329639302473e-05,0.0774594684494485,-2.5894567807605613,3.6392673850903687,-2.5894567807605613,-2.5894567807605613,-84.48451996933295,-81.57508007060494,0.003866250849190653,825
0,,,,,,,,,,826
0,,,,,,,,,,828
0,,,,,,,,,,830
0,,,,,,,,,,833
0,3.940638554590365e-05,0.317707664191734,1.9933211901465804,-22.040629900726717,1.9933211901465804,1.9933211901465804,-50.99323963319542,-52.24268281782709,0.00016540495750983302,835
0,,,,,,,,,,836
0,,,,,,,,,,837
0,,,,,,,,,,838
0,,,,,,,,,,839
0,0.016364472727500225,0.4901494687648011,3.285614015694002,-27.15305094929731,3.285614015694002,3.285614015694002,-47.6915513571852,-48.01609046285332,0.001385832370210999,840
0,,,,,,,,,,841
0,,,,,,,,,,885
0,,,,,,,,,,886
0,,,,,,,,,,887
0,,,,,,,,,,888
0,,,,,,,,,,897
0,,,,,,,,,,899
0,,,,,,,,,,900
0,,,,,,,,,,901
0,1.742235732173593e-05,0.23254464144737289,25.287645516998744,0.9798643369069935,25.287645516998744,25.287645516998744,-51.91528442553157,-53.16472761016324,0.0001418432568499015,902
0,,,,,,,,,,905
0,,,,,,,,,,908
0,,,,,,,,,,910
0,,,,,,,,,,912
0,,,,,,,,,,916
0,,,,,,,,,,917
0,,,,,,,,,,918
0,,,,,,,,,,919
0,,,,,,,,,,920
0,,,,,,,,,,921
0,,,,,,,,,,922
0,,,,,,,,,,923
0,,,,,,,,,,924
0,,,,,,,,,,925
0,,,,,,,,,,926
0,,,,,,,,,,927
0,6.816200297965706e-06,0.49747829948084626,1.1183208353471497,-43.948166427717275,1.1183208353471497,1.1183208353471497,-49.30569448726058,-46.91832285047036,0.04177949205290951,928
0,,,,,,,,,,929
0,1.669944197883323e-05,0.5259286924595439,1.0155632633683385,0.37219054675194224,1.0155632633683385,1.0155632633683385,-44.89926341302634,-43.71591594900902,0.016164855581174215,930
0,4.8570291880294806e-05,0.12062184335872651,-0.00033537059260878196,0.0004810592635024695,-0.00033537059260878196,-0.00033537059260878196,-2.334235347864638,-3.5836785324963074,0.5503065703462783,931
0,,,,,,,,,,932
0,,,,,,,,,,933
0,1.2392505778037842e-05,0.20889099431498087,2.516776712426726,-5.708980698397786,2.516776712426726,2.516776712426726,-18.23097434887765,-19.480417533509318,0.038900963672800236,934
0,2.3543740827206846e-05,1.1348814287444176,0.0016349013300643088,1.1366502773350242,0.0016349013300643088,0.0016349013300643088,-58.280700753514395,-57.09735328949708,0.003654696694099427,935
0,2.1903864247327146e-05,0.15597214639445553,-1.0822381254277924,4.97502189686266,-1.0822381254277924,-1.0822381254277924,-90.97715477669435,-88.58978313990413,0.0009456252090455521,936
0,,,,,,,,,,937
0,,,,,,,,,,938
0,7.973246978702427e-07,0.4589796375062873,-2.732353215893379,-2.352451477671051,-2.732353215893379,-2.732353215893379,-52.59793123178417,-50.7824206738199,0.015651194638445453,939
0,,,,,,,,,,940
0,,,,,,,,,,941
0,1.553878147977391e-06,0.46139532418467705,-3.398252313083031,-2.073846628015136e-05,-3.398252313083031,-3.398252313083031,-56.13482371169249,-54.31931315372822,0.010988595923681174,942
0,,,,,,,,,,943
0,,,,,,,,,,944
0,0.0005101739837230541,20.711609326620568,21.698501123483744,20.412157359473007,21.698501123483744,21.698501123483744,-73.59969472434756,-71.21232308755734,0.004589908651747577,945
0,,,,,,,,,,946
0,,,,,,,,,,947
0,3.2693434950077535e-05,0.1365125747171043,14.277113063447986,-4.4174642126255665e-05,14.277113063447986,14.277113063447986,-27.639840633169236,-25.25246899637901,0.2994743215163343,948
0,,,,,,,,,,949
0,,,,,,,,,,950
0,,,,,,,,,,951
0,,,,,,,,,,952
0,0.0004848111691201271,-0.5910914535654169,79.94329398595177,-1.2381821498254604,79.94329398595177,79.94329398595177,-86.49791719630976,-81.86238486287107,0.033927441694934626,953
0,7.751655661420694e-05,-0.20078529407133147,3.882629867296391,-1.678701807523162,3.882629867296391,3.882629867296391,-64.48775192237883,-60.65340794468729,0.05934701096850121,954
0,,,,,,,,,,955
0,0.0007500766881860056,-0.4848835491796662,9.609597880820614,-0.9440354779966118,9.609597880820614,9.609597880820614,-108.41190058316842,-103.77636824972973,0.008624441565341045,956
0,0.000144371612309713,-0.15462909122809665,-1.648636027537605,27.717999188751694,-1.648636027537605,-1.648636027537605,-57.07773740734555,-57.402276513013675,0.0003625536654543616,957
0,7.563693562018042e-05,0.4182990483010031,-20.010829985561752,1.0601275988464114,-20.010829985561752,-20.010829985561752,-40.70624696983364,-40.22959771975463,0.011011233174722645,958
0,,,,,,,,,,959
0,0.0003942301566774859,15.683810033195364,16.01044316003112,15.2628675712161,16.01044316003112,16.01044316003112,-41.52571216219433,-41.04906291211532,0.009939162885660338,960
0,0.00011776591394068338,2.22214863464179,27.553955752881087,2.3216970940017476,27.553955752881087,27.553955752881087,-46.39999208805596,-46.72453119372408,0.0016666396530389844,961
0,,,,,,,,,,962
0,,,,,,,,,,963
0,5.501611800087028e-05,1.2004874285005784,2.6029339790588484,1.2975885380663508,2.6029339790588484,2.6029339790588484,-58.22799221665561,-57.751342966576594,0.0012320726020125722,964
0,,,,,,,,,,965
0,0.000409791050800988,-0.24404225570145308,-1.0674207092068773,3.57606050008782,-1.0674207092068773,-1.0674207092068773,-42.55209903870921,-42.075449788630195,0.008742397283816275,966
0,0.00020798576945655863,1.8112837479534416,5.8283831916070765,1.8453751336432525,5.8283831916070765,5.8283831916070765,-55.56937752830369,-55.89391663397181,0.00044973228733176726,967
0,,,,,,,,,,968
0,,,,,,,,,,969
0,7.64640795640752e-05,0.14791096956257838,1.5807129213776856,-22.925055187702284,1.5807129213776856,1.5807129213776856,-53.48310279795736,-53.80764190362548,0.0006058859311240661,970
0,9.215816273848032e-05,0.6158502261026805,-4.702219104732474,1.172560952489333,-4.702219104732474,-4.702219104732474,-35.47926010203872,-36.728703286670395,0.0021952693093848733,971
0,,,,,,,,,,972
0,0.012515657370026223,-0.2679648864936775,10.76202891503195,-0.905138442629355,10.76202891503195,10.76202891503195,-58.81656557052243,-55.42686942575321,0.055995790352582314,981
0,,,,,,,,,,982
0,0.007934704333977553,0.23651190742886716,-5.495681597407617,2.385785077980896,-5.495681597407617,-5.495681597407617,-66.12700025668458,-62.737304111915364,0.03191050882940758,983
0,,,,,,,,,,984
0,,,,,,,,,,985
0,0.04435673292641953,4.1969554982232875,4.452839606012367,3.131469518377554,4.452839606012367,4.452839606012367,-77.24057879594564,-73.85088265117642,0.013572487001158397,986
0,,,,,,,,,,987
0,,,,,,,,,,988
0,,,,,,,,,,989
0,,,,,,,,,,990
0,,,,,,,,,,1043
0,1.1024040677417418e-05,0.07554409493414722,-0.00010106282794893678,-0.00010009857790981079,-0.00010106282794893678,-0.00010106282794893678,-1.5715669572219877,-2.821010141853657,0.624897053648121,1046
0,,,,,,,,,,1048
0,,,,,,,,,,1049
0,,,,,,,,,,1050
0,,,,,,,,,,1051
0,,,,,,,,,,1052
0,,,,,,,,,,1053
0,2.1189668973384758e-05,0.13572049610626072,-0.00021947916507600678,2.5593839544303116,-0.00021947916507600678,-0.00021947916507600678,-35.45129444168552,-34.974645191606506,0.021237851025926485,1055
0,37320.293824565575,15.190090175652518,18.3758921034923,14.966588913395665,18.3758921034923,18.3758921034923,-34.25310222777828,-34.5776413334464,0.009450610999976405,1056
0,,,,,,,,,,1057
0,1.2803258751440685e-05,-0.6266307512303899,23.0698109053199,-1.252522050797043,23.0698109053199,23.0698109053199,-22.616555028181104,-23.865998212812773,0.01872929564769484,1058
0,7.517573953120741e-06,-0.6552970805558973,27.031275782594456,-1.479014200714031,27.031275782594456,27.031275782594456,-17.76408166871088,-19.01352485334255,0.042048952281492025,1059
0,,,,,,,,,,1060
0,,,,,,,,,,1061
0,,,,,,,,,,1062
0,2.1168636309908238e-05,0.060085058995714126,-3.681967012773224e-05,2.790128598191486,-3.681967012773224e-05,-3.681967012773224e-05,-14.649280287695387,-15.898723472327056,0.07066624603097287,1063
0,,,,,,,,,,1064
0,1.495234429819597e-06,0.07418163594652,-2.581842366568634,-1.6725697087033597e-05,-2.581842366568634,-2.581842366568634,-5.321935519062954,-6.571378703694624,0.3344627439478714,1065
0,,,,,,,,,,1066
0,,,,,,,,,,1067
0,,,,,,,,,,1068
0,,,,,,,,,,1069
0,4.538356862430524e-06,0.8057726356638182,2.561452556887967,0.0014364442947473821,2.561452556887967,2.561452556887967,-21.938289794853603,-22.262828900521725,0.05489039147276678,1073
0,,,,,,,,,,1074
0,,,,,,,,,,1075
0,8.724646970981842e-06,2.7270604695901337,5.690064160310194,2.1954319173269634,5.690064160310194,5.690064160310194,-24.190377813447817,-24.51491691911594,0.03978983408595063,1076
0,1.501055248963472e-05,0.8085357523407485,-24.564464180208784,0.9597797960723162,-24.564464180208784,-24.564464180208784,-45.00734325134847,-43.82399578733116,0.015971894856151803,1077
0,,,,,,,,,,1078
0,4.176090149582613e-05,1.1196841649419291,55.53388761635228,1.327967297447329,55.53388761635228,55.53388761635228,-39.95105623299514,-41.200499417626816,0.001041857706603644,1079
0,4.9135397864582686e-05,0.7554531774945344,25.47187695052063,1.3348742768577089,25.47187695052063,25.47187695052063,-20.74784895456731,-21.072388060235433,0.06506594484448211,1080
0,,,,,,,,,,1081
0,,,,,,,,,,1082
0,,,,,,,,,,1105
0,,,,,,,,,,1106
0,,,,,,,,,,1107
0,,,,,,,,,,1108
0,,,,,,,,,,1109
0,1.238089364763643e-07,3.0167989830706627,8.041761153102353,2.8019965475282334,8.041761153102353,8.041761153102353,-348.37557690002035,-349.625020084652,4.93511382306265e-26,1110
0,,,,,,,,,,1117
0,3.851823270436528e-06,3.2567713753967484,11.338619241848015,3.3786982461075916,11.338619241848015,11.338619241848015,-45.521172620782224,-42.61173272205422,0.09940782938788074,1120
0,,,,,,,,,,1121
0,,,,,,,,,,1122
0,,,,,,,,,,1123
0,,,,,,,,,,1124
0,4.009507487086572e-07,3.952601739671431,6.9734788742774345,3.8684011793802884,6.9734788742774345,6.9734788742774345,-49.1483543096968,-48.671705059617786,0.0038330181897418885,1125
0,,,,,,,,,,1126
0,,,,,,,,,,1127
0,,,,,,,,,,1128
0,,,,,,,,,,1129
0,2.901135526661174e-05,2.809864920595583,4.8685719862793855,2.7297154688092893,4.8685719862793855,4.8685719862793855,-82.06017843595686,-78.67048229118764,0.009368062474658441,1130
0,,,,,,,,,,1131
0,,,,,,,,,,1142
0,,,,,,,,,,1143
0,,,,,,,,,,1144
0,,,,,,,,,,1145
0,,,,,,,,,,1146
0,,,,,,,,,,1147
0,,,,,,,,,,1148
0,,,,,,,,,,1149
0,,,,,,,,,,1150
0,,,,,,,,,,1151
0,,,,,,,,,,1152
0,,,,,,,,,,1153
0,,,,,,,,,,1154
0,,,,,,,,,,1155
0,,,,,,,,,,1156
0,,,,,,,,,,1157
0,,,,,,,,,,1158
0,,,,,,,,,,1159
0,,,,,,,,,,1160
0,,,,,,,,,,1161
0,,,,,,,,,,1162
0,,,,,,,,,,1163
0,,,,,,,,,,1164
0,,,,,,,,,,1165
0,,,,,,,,,,1166
0,,,,,,,,,,1167
0,,,,,,,,,,1168
0,,,,,,,,,,1169
0,,,,,,,,,,1170
0,,,,,,,,,,1171
0,,,,,,,,,,1172
0,,,,,,,,,,1173
0,,,,,,,,,,1174
0,8.848542995551416e-06,0.04484069335369694,-0.0002938578945077075,0.00014802627163621167,-0.0002938578945077075,-0.0002938578945077075,-6.547226632763362,-7.796669817395031,0.2726830984590968,1175
0,2.0002495310258577e-05,0.05727480039693762,-7.788075558868536e-06,3.332081620142348,-7.788075558868536e-06,-7.788075558868536e-06,-11.836012698058028,-13.085455882689697,0.112938787138864,1178
0,3.0547347181413496e-06,1.9005015643216956,1.9859643756859304,4.288292146866175,1.9859643756859304,1.9859643756859304,-103.25383271895221,-99.864136574183,0.0018349646123987776,1180
0,,,,,,,,,,1181
0,,,,,,,,,,1182
0,,,,,,,,,,1183
0,3.004071525074554,-8.561923947273225e-05,-0.0005336180579051381,0.00027662096720949337,-0.0005336180579051381,-0.0005336180579051381,-354.9451663410793,-352.0357264423513,6.294958009076108e-13,1184
0,,,,,,,,,,1189
0,,,,,,,,,,1190
0,,,,,,,,,,1191
0,,,,,,,,,,1192
0,,,,,,,,,,1193
0,,,,,,,,,,1194
0,,,,,,,,,,1195
0,,,,,,,,,,1196
0,,,,,,,,,,1197
0,,,,,,,,,,1198
0,,,,,,,,,,1199
0,,,,,,,,,,1200
0,,,,,,,,,,1201
0,,,,,,,,,,1202
0,,,,,,,,,,1203
0,,,,,,,,,,1204
0,,,,,,,,,,1205
0,,,,,,,,,,1206
0,,,,,,,,,,1207
0,,,,,,,,,,1208
0,,,,,,,,,,1209
0,,,,,,,,,,1210
0,,,,,,,,,,1211
0,,,,,,,,,,1212
0,,,,,,,,,,1213
0,,,,,,,,,,1214
0,,,,,,,,,,1215
0,,,,,,,,,,1216
0,,,,,,,,,,1217
0,,,,,,,,,,1218
0,,,,,,,,,,1219
0,,,,,,,,,,1220
0,,,,,,,,,,1251
0,,,,,,,,,,1252
0,,,,,,,,,,1256
0,7.1388284053142795e-06,1.2474262420193074,1.4785027545889826,7.316236388371076,1.4785027545889826,1.4785027545889826,-87.06251719933749,-81.7202866519605,0.0733068355616422,1261
0,2.4795191613556167e-06,0.38837009949665635,1.5751916610400523,0.001709312622554379,1.5751916610400523,1.5751916610400523,-44.341974405597284,-38.9997438582203,0.7868340386197499,1262
0,,,,,,,,,,1263
0,,,,,,,,,,1264
0,,,,,,,,,,1265
0,,,,,,,,,,1266
0,,,,,,,,,,1267
0,4.232177428614931e-06,1.1523015974953614,-1762.251226780948,1.343641829308997,-1762.251226780948,-1762.251226780948,-73.68708007427513,-68.02044619927649,0.20900286049495573,1268
0,2.1144137094351343e-05,20.861559234423538,21.903800832239423,20.47804295895669,21.903800832239423,21.903800832239423,-35.1588138868197,-36.408257071451374,0.002315700963559407,1269
0,,,,,,,,,,1270
0,,,,,,,,,,1271
0,,,,,,,,,,1272
0,,,,,,,,,,1273
0,1.0871391678516684e-06,0.05978962594305204,5.687748707124105,-5.164280900311668,5.687748707124105,5.687748707124105,-51.71909934592491,-47.470798139311654,0.214404737111568,1274
0,,,,,,,,,,1275
0,7.186978555528658e-05,-0.23899205791231035,-0.8127540450287554,-0.8125969823102845,-0.8127540450287554,-0.8127540450287554,-69.08948607630614,-67.27397551834187,0.003008350026003802,1276
0,,,,,,,,,,1277
0,,,,,,,,,,1278
0,1.2287899343747537e-05,0.49399166459897315,0.7420304883403989,-0.001372167178276227,0.7420304883403989,0.7420304883403989,-66.26994045775007,-64.4544298997858,0.003988225225076753,1279
0,,,,,,,,,,1280
0,,,,,,,,,,1281
0,,,,,,,,,,1282
0,,,,,,,,,,1283
0,,,,,,,,,,1284
0,,,,,,,,,,1285
0,,,,,,,,,,1286
0,,,,,,,,,,1287
0,,,,,,,,,,1288
0,,,,,,,,,,1289
0,1.0393960581216415e-08,27.46423246333961,28.826466321897964,27.083968340010287,28.826466321897964,28.826466321897964,-50.45894987003324,-42.91037064190434,2.353325031943121,1290
0,,,,,,,,,,1291
0,,,,,,,,,,1292
0,,,,,,,,,,1293
0,7.720515344872416e-07,9.383178857973492,11.206991262558642,8.839347210461955,11.206991262558642,11.206991262558642,-44.33765944085144,-37.26933645876376,2.294812988375789,1294
0,,,,,,,,,,1295
0,,,,,,,,,,1296
0,8.412427542677382e-06,0.37174804849687837,1.9975804615716068,0.00011896499351794591,1.9975804615716068,1.9975804615716068,-6.239956137614076,0.30629858253582043,9.601828393662634,1297
0,,,,,,,,,,1298
0,8.420707009084016e-06,0.18684246892463427,2.4565221529713863,-71.73893681582193,2.4565221529713863,2.4565221529713863,-101.28192434617971,-92.48750892938135,0.928370636623883,1299
0,4.866411603343169e-12,45.41057577336957,47.47366851201481,45.04308683132808,47.47366851201481,47.47366851201481,-42.545615487439534,-35.477292505351855,2.4727227011559143,1300
0,,,,,,,,,,1301
0,1.034049507238642e-11,42.67216554191621,44.7377357212177,42.29983329260578,44.7377357212177,44.7377357212177,-42.30830718687123,-35.23998420478355,2.4972938798937028,1302
0,,,,,,,,,,1305
0,,,,,,,,,,1306
0,,,,,,,,,,1307
0,,,,,,,,,,1308
0,1.957302098327671e-06,0.1089687846789766,-2.076535022891188,2.2243123782470246e-05,-2.076535022891188,-2.076535022891188,-3.7670518348173587,-4.09159094048548,0.735999509019049,1309
0,,,,,,,,,,1311
0,1.6983382020358032e-06,0.49539736403902906,-0.00015277100534981985,-3.815099732015791e-05,-0.00015277100534981985,-0.00015277100534981985,-29.694132457600688,-30.943575642232357,0.0057574385057991995,1312
0,1.984447099003855e-07,1.0700384882073062,-0.0006062127789090154,1.0980693585380594,-0.0006062127789090154,-0.0006062127789090154,-39.28122146093871,-40.53066464557038,0.0011649107850398824,1313
0,4.3095491560489997e-07,2.7963750082705863,23.65234650066138,2.25668464239723,23.65234650066138,23.65234650066138,-441.05237007240834,-423.84716336967483,3.984915944831933,1314
0,,,,,,,,,,1315
0,,,,,,,,,,1316
0,3.4158193914793018e-06,0.6886508441848621,4.256070093818473,0.19972599962647322,4.256070093818473,4.256070093818473,-394.8642102262121,-382.71210008180117,0.03916073725608314,1317
0,,,,,,,,,,1318
0,,,,,,,,,,1319
0,,,,,,,,,,1320
0,,,,,,,,,,1337
0,2.5176460989524902e-06,1.4283441894487765,0.002068441378318238,0.9840318764654431,0.002068441378318238,0.002068441378318238,-52.639993702260284,-50.82448314429601,0.015585500107777187,1338
0,,,,,,,,,,1363
0,,,,,,,,,,1364
0,,,,,,,,,,1365
0,,,,,,,,,,1366
0,,,,,,,,,,1367
0,,,,,,,,,,1368
0,,,,,,,,,,1369
0,7.586202607866786e-07,0.9367981219243101,36.3528849530251,1.3746215180946435,36.3528849530251,36.3528849530251,-49.72852194117436,-50.05306104684248,0.001035935777128267,1370
0,,,,,,,,,,1371
0,9.555155174124561e-06,0.16346003936339915,2.823068607151977,-4.059182892855483,2.823068607151977,2.823068607151977,-35.480274067245745,-35.80481317291387,0.00793092070320853,1372
0,,,,,,,,,,1373
0,1.3892321835393757e-05,0.39657144996634985,3.8079842955952814,-3.2903830869936864e-05,3.8079842955952814,3.8079842955952814,-6.659657110850276,-7.909100295481945,0.26762102566229784,1374
0,1.2555331971000986e-05,0.5042743960389645,2.7539506737743844,-2.780900604855725e-05,2.7539506737743844,2.7539506737743844,-13.911421337286434,-15.160864521918104,0.07991347807395424,1375
0,4.892822322978125e-08,1.9753941859763442,-0.0013900073745759796,1.1573749146685266,-0.0013900073745759796,-0.0013900073745759796,-59.037753848755855,-52.77061922241532,0.7130328793393235,1378
0,4.753162655809085e-06,0.12271637707882078,-1.819101956729124,7.524159653859007e-06,-1.819101956729124,-1.819101956729124,-11.937281595405715,-10.12177103744144,0.9128870979518452,1379
0,,,,,,,,,,1380
0,1.5036100630411074e-06,0.16768527682582632,-2.1251797152482843,0.00013796965674472034,-2.1251797152482843,-2.1251797152482843,-9.230468105089557,-8.753818855010543,0.5630611898193434,1381
0,,,,,,,,,,1382
0,2.525950786312719e-06,0.03885525476315874,-1.7060382947137207,9.837013425716604e-07,-1.7060382947137207,-1.7060382947137207,-11.147330323921253,-9.963982859903936,0.6874947992408628,1383
0,,,,,,,,,,1384
0,1.478206801455113e-06,0.563111049219297,10.368460338900286,0.0001853190569337023,10.368460338900286,10.368460338900286,-68.43608522410888,-59.1039968551724,3.51547340634981,1385
0,,,,,,,,,,1386
0,,,,,,,,,,1387
0,,,,,,,,,,1388
0,1.7566889915755672e-06,0.7104344369469008,25.01650501504517,-0.0011058240620176849,25.01650501504517,25.01650501504517,-83.73362865593172,-74.06812118006638,2.782980688889096,1389
0,,,,,,,,,,1390
0,2.1179075864305223e-05,13.23175604433816,13.304342183954418,12.352616460431285,13.304342183954418,13.304342183954418,-86.36225175091505,-78.1584767709962,0.9757918785212032,1391
0,,,,,,,,,,1392
0,,,,,,,,,,1393
0,,,,,,,,,,1394
0,1.327272341275127e-06,0.51160061462119,-94.36397594653812,4.890231308563595,-94.36397594653812,-94.36397594653812,-30.99264602284572,-25.650415475468733,1.651842651511856,1395
0,,,,,,,,,,1396
0,1.6091470035637116e-06,0.8539321009112466,4.44049577198059,0.39900621255447855,4.44049577198059,4.44049577198059,-69.73955369233873,-66.83011379361074,0.013210770639377815,1402
0,,,,,,,,,,1403
0,7.448414569446473e-07,0.6049627254284481,2.7177878905008335,0.12630827412322898,2.7177878905008335,2.7177878905008335,-52.66429234950647,-50.848781791542194,0.0155476754238928,1404
0,,,,,,,,,,1405
0,7.126652893474471e-06,0.9728791327119253,6.327567140542842,0.6530590986343379,6.327567140542842,6.327567140542842,-24.32932630439612,-20.939630159626898,0.7948401891953377,1406
0,4.989123366287466e-07,0.8494817732909332,3.6934914830266545,0.6473455081800423,3.6934914830266545,3.6934914830266545,-70.39954851760957,-68.5840379596453,0.0026389616363284175,1407
0,,,,,,,,,,1408
0,,,,,,,,,,1409
0,,,,,,,,,,1410
0,,,,,,,,,,1411
0,2.653565108106649e-07,1.7818616115937056,3.1687746594998827,3.16816291277045,3.1687746594998827,3.1687746594998827,-95.06279523987385,-90.06351517553655,0.03128557530169959,1412
0,2.712098730907377e-05,0.6193961341318511,4.843731431196762,-0.0008358374063337739,4.843731431196762,4.843731431196762,-52.95216881118026,-49.56247266641104,0.08791618862446823,1413
0,,,,,,,,,,1414
0,,,,,,,,,,1415
0,,,,,,,,,,1417
0,,,,,,,,,,1419
0,,,,,,,,,,1420
0,,,,,,,,,,1424
0,,,,,,,,,,1425
0,,,,,,,,,,1426
0,,,,,,,,,,1428
0,,,,,,,,,,1429
0,,,,,,,,,,1430
0,,,,,,,,,,1431
0,,,,,,,,,,1432
0,2.668022561375026e-05,0.9500108532734534,7.601947036651001,1.367661337368504,7.601947036651001,7.601947036651001,-110.93975647287542,-104.67262184653488,0.06021994435048285,1433
0,2.3624375561383835e-06,0.08982199264491442,-2.3291791845577543,-2.3346230928564453,-2.3291791845577543,-2.3291791845577543,1.4127880840116642,1.8894373340906778,2.1298255014879297,1434
0,2.537257640191558e-10,1.742274203084709,2.1241980678202923,-0.2108422237650789,2.1241980678202923,2.1241980678202923,2.9949608259398026,2.6704217202716816,1.9337787326972316,1435
0,,,,,,,,,,1436
0,5.543179202707892e-05,1.590149686405051,8.762137289791898,1.0129201591110648,8.762137289791898,8.762137289791898,-17.17557279377368,-15.360062235809403,0.5406559326970602,1437
0,3.895642247739337e-06,0.6657253755228508,3.062198724100631,-0.00015114835931462882,3.062198724100631,3.062198724100631,-14.738502610561788,-15.06304171622991,0.153527444229399,1438
0,,,,,,,,,,1439
0,,,,,,,,,,1440
0,,,,,,,,,,1441
0,,,,,,,,,,1442
0,1.521953251721034e-07,1.9874469309783462,4.999740167066775,0.4699034841876545,4.999740167066775,4.999740167066775,3.95569116624989,4.432340416328904,2.9267802776295335,1443
0,,,,,,,,,,1444
0,,,,,,,,,,1445
0,,,,,,,,,,1446
0,,,,,,,,,,1447
0,,,,,,,,,,1450
0,7.334056828965112e-09,1.7364570325822282,1.7620102899376047,-0.027253048760756474,1.7620102899376047,1.7620102899376047,0.08373771420334286,-1.1657054704283265,0.8234238168394539,1451
0,3.4186980262638236e-09,1.8263259342595024,-0.005198144479245667,1.6721198733891574,-0.005198144479245667,-0.005198144479245667,-7.939509462953378,-9.188952647585047,0.2162128136556482,1452
0,,,,,,,,,,1453
0,,,,,,,,,,1454
0,,,,,,,,,,1455
0,,,,,,,,,,1456
0,,,,,,,,,,1457
0,,,,,,,,,,1458
0,9.020583844800984e-09,1.4744591546874424,1.0284223138935218,-0.0042784516884048,1.0284223138935218,1.0284223138935218,-13.592196625985945,-12.408849161968629,0.5239532450996548,1459
0,,,,,,,,,,1460
0,,,,,,,,,,1461
0,2.5128612318373503e-06,0.9689896789926107,-10.428859952350908,3.4974274355448354,-10.428859952350908,-10.428859952350908,-50.68445395327114,-45.68517388893384,0.42566293566925256,1462
0,,,,,,,,,,1463
0,1.0553003020679252e-09,1.6494436308035831,-0.010620483835387228,1.763093350795337,-0.010620483835387228,-0.010620483835387228,-11.752355480200372,-13.001798664832041,0.1145245069790283,1464
0,,,,,,,,,,1466
0,,,,,,,,,,1467
0,,,,,,,,,,1468
0,,,,,,,,,,1469
0,,,,,,,,,,1470
0,,,,,,,,,,1471
0,7.255362770378779e-06,0.5531745189162178,69.73687296230406,2.950972944114605,69.73687296230406,69.73687296230406,-56.067191521059755,-57.31663470569143,7.100413444855491e-05,1473
0,,,,,,,,,,1474
0,,,,,,,,,,1475
0,,,,,,,,,,1476
0,,,,,,,,,,1480
0,2.2937852665919956e-09,1.6201695248984476,1.2549062632979668,-0.007983578353802518,1.2549062632979668,1.2549062632979668,-2.2742052995389344,-2.5987444052070554,0.9109547655356505,1483
0,,,,,,,,,,1486
0,,,,,,,,,,1487
0,,,,,,,,,,1488
0,3.663940767085021e-10,2.330557019565679,3.0363119109782826,0.0006760299807083178,3.0363119109782826,3.0363119109782826,-26.77418280792704,-23.864742909199038,0.47412928046746583,1491
0,7.025756234965598e-07,1.0644694060790312,-0.004357271943014611,1.3847466176687395,-0.004357271943014611,-0.004357271943014611,-40.60346499216512,-40.12681574208611,0.011153615401920237,1492
0,,,,,,,,,,1493
0,,,,,,,,,,1494
0,,,,,,,,,,1496
0,,,,,,,,,,1497
0,2.0108371748438335e-08,1.2802958573331742,0.02718628390919026,1.387977369357884,0.02718628390919026,0.02718628390919026,2.4588452488018575,2.1343061431337365,1.7912040399466869,1498
0,,,,,,,,,,1499
0,1.352450273539181e-06,1.285514608707174,4.338710791427127,0.0006498482379658891,4.338710791427127,4.338710791427127,-15.574178151069091,-15.898717256737212,0.13625077488300075,1501
0,,,,,,,,,,1502
0,,,,,,,,,,1503
0,,,,,,,,,,1504
0,,,,,,,,,,1505
0,,,,,,,,,,1506
0,,,,,,,,,,1507
0,,,,,,,,,,1508
0,,,,,,,,,,1509
0,,,,,,,,,,1510
0,,,,,,,,,,1514
0,2.919417283534828e-09,1.4965496598516685,1.3359906575870455,-0.007363315059190188,1.3359906575870455,1.3359906575870455,-6.841491059016477,-8.090934243648146,0.25963225822412644,1515
0,,,,,,,,,,1517
0,,,,,,,,,,1518
0,,,,,,,,,,1519
0,,,,,,,,,,1520
0,,,,,,,,,,1521
0,,,,,,,,,,1522
0,,,,,,,,,,1523
0,2.699754641703147e-05,5.733299086719296,7.659750989051938,5.496935707747512,7.659750989051938,7.659750989051938,-36.4140684272526,-33.5046285285246,0.21233309118748345,1524
0,,,,,,,,,,1525
0,,,,,,,,,,1526
0,1.7156514704870528e-05,-0.4646985568514769,41.48300503532203,-1.5607806846880339,41.48300503532203,41.48300503532203,-37.57740008266199,-35.19002844587176,0.12134214265462392,1527
0,813503.9232253699,22.930714116124168,26.999696998751944,22.292056159010738,26.999696998751944,26.999696998751944,-38.070470292632756,-35.16103039390475,0.18495688386333872,1528
0,,,,,,,,,,1529
0,,,,,,,,,,1530
0,,,,,,,,,,1531
0,7.448061006969949e-07,0.8086440209615334,20.670948188848747,3.6051518865518637,20.670948188848747,20.670948188848747,-30.86595535699489,-27.956515458266885,0.33714023869578935,1532
0,1.960526365451068e-06,0.347586388994597,-6.357813834211837,3.848149891196496,-6.357813834211837,-6.357813834211837,-43.684766351559674,-40.77532645283167,0.11584634868895195,1533
0,13021.012810612847,28.36114397541203,27.46966917581724,29.986471451960938,27.46966917581724,27.46966917581724,-29.63056206317568,-26.24086591840646,0.528664337884767,1534
0,1.6128498023406822e-06,0.3782620473804903,3.569486480237548,-28.125797295746764,3.569486480237548,3.569486480237548,-53.63862922335859,-51.25125758656837,0.028176898513499846,1535
0,,,,,,,,,,1542
0,,,,,,,,,,1543
0,,,,,,,,,,1544
0,,,,,,,,,,1545
0,9.972661518500926e-06,0.6132995889279798,7.3195035101225585,0.000411427404538096,7.3195035101225585,7.3195035101225585,-24.960545884187667,-26.209989068819336,0.012672366637185753,1546
0,,,,,,,,,,1547
0,,,,,,,,,,1548
0,,,,,,,,,,1549
0,,,,,,,,,,1550
0,,,,,,,,,,1551
0,,,,,,,,,,1552
0,,,,,,,,,,1553
0,,,,,,,,,,1554
0,,,,,,,,,,1555
0,,,,,,,,,,1556
0,,,,,,,,,,1557
0,2964816.2959823343,42.762399903796776,47.58032839304313,41.934940550030824,47.58032839304313,47.58032839304313,-6.227229909768287,-5.750580659689273,0.8195808753293797,1558
0,,,,,,,,,,1559
0,,,,,,,,,,1561
0,,,,,,,,,,1562
0,,,,,,,,,,1563
0,7.276460114146039e-07,0.8054954429765422,3.1926725943402805,2.1326408365085023e-06,3.1926725943402805,3.1926725943402805,-20.3479883201272,-20.672527425795323,0.06889091003207738,1564
0,,,,,,,,,,1565
0,,,,,,,,,,1566
0,,,,,,,,,,1567
0,,,,,,,,,,1568
0,,,,,,,,,,1569
0,7.38261888483079e-06,1.1531962393700241,1.503538047076312,-0.00019182794270084996,1.503538047076312,1.503538047076312,-10.517728152612008,-8.130356515821784,1.4202445528564127,1571
0,,,,,,,,,,1572
0,,,,,,,,,,1573
0,,,,,,,,,,1574
0,2.622280250343157e-05,0.6604505938314927,5.906115787942262,4.2796379045998005,5.906115787942262,5.906115787942262,-30.405159450275917,-27.015463305506696,0.4980842772412457,1575
0,1.9169232579015867e-05,0.7594393811232099,92.91393835681927,1.5247951621397475,92.91393835681927,92.91393835681927,-250.77238929262677,-239.8005409136922,0.15201108259223278,1576
0,0.0004986115533971283,11.461309738407026,13.330128198035965,10.45981778046232,13.330128198035965,13.330128198035965,-128.21538943440683,-121.14706645231915,0.06965128965161702,1577
0,,,,,,,,,,1578
0,,,,,,,,,,1579
0,,,,,,,,,,1580
0,,,,,,,,,,1581
0,7.641221688800248e-13,2.8329982467101735,0.9174419959635055,1.9975942637072701,0.9174419959635055,0.9174419959635055,5.257562679685348,4.933023574017227,2.6716728654438264,1582
0,,,,,,,,,,1583
0,3.5757310824228847e-07,0.8154819127695335,6.091612281309314,-2.4937419507336765e-05,6.091612281309314,6.091612281309314,-21.48106599596735,-22.730509180599018,0.0226313719303479,1584
0,,,,,,,,,,1585
0,,,,,,,,,,1587
0,,,,,,,,,,1589
0,,,,,,,,,,1590
0,,,,,,,,,,1591
0,,,,,,,,,,1592
0,,,,,,,,,,1593
0,,,,,,,,,,1594
0,,,,,,,,,,1595
0,,,,,,,,,,1596
0,,,,,,,,,,1597
0,,,,,,,,,,1598
0,,,,,,,,,,1599
0,,,,,,,,,,1601
0,,,,,,,,,,1602
0,,,,,,,,,,1603
0,,,,,,,,,,1604
0,,,,,,,,,,1605
0,,,,,,,,,,1606
0,,,,,,,,,,1607
0,,,,,,,,,,1608
0,,,,,,,,,,1609
0,,,,,,,,,,1610
0,,,,,,,,,,1611
0,,,,,,,,,,1612
0,1.793844041207427e-05,0.8668660210393715,3.9844369700536886,0.0004590889451851766,3.9844369700536886,3.9844369700536886,-27.93425052728982,-26.750903063272503,0.10646762079634631,1613
0,,,,,,,,,,1614
0,,,,,,,,,,1615
0,6.807327931505452e-05,1.7412551356653108,5.997378448697898,1.7546479365626557,5.997378448697898,5.997378448697898,-37.42537109395805,-37.74991019962617,0.006006835849149485,1616
0,,,,,,,,,,1617
0,,,,,,,,,,1618
0,,,,,,,,,,1619
0,,,,,,,,,,1620
0,,,,,,,,,,1621
0,,,,,,,,,,1622
0,,,,,,,,,,1623
0,,,,,,,,,,1624
0,,,,,,,,,,1625
0,,,,,,,,,,1635
0,,,,,,,,,,1640
0,,,,,,,,,,1646
0,,,,,,,,,,1647
0,,,,,,,,,,1648
0,,,,,,,,,,1649
0,,,,,,,,,,1650
0,,,,,,,,,,1651
0,3.2722316974926696e-05,19.505690974789516,23.727577160808217,18.788018250461594,23.727577160808217,23.727577160808217,-31.79067036399728,-32.1152094696654,0.013434894320307762,1652
0,,,,,,,,,,1653
0,,,,,,,,,,1656
0,,,,,,,,,,1657
0,3.355369647349873e-06,1.2139658079350641,5.04030721285054,-3.301542889702195e-05,5.04030721285054,5.04030721285054,-17.90556612912047,-19.15500931375214,0.04106900606552532,1658
0,9.950512301914535e-07,1.8113614270532599,8.218454942476704,1.7227464257901395,8.218454942476704,8.218454942476704,-29.037460348627448,-29.36199945429557,0.019908984107081362,1659
0,,,,,,,,,,1660
0,3.812003794349288e-05,19.611184795511598,23.598486315944058,18.80640041461744,23.598486315944058,23.598486315944058,-30.281546061365972,-29.80489681128696,0.04052842431951596,1661
0,1.0434111788274364e-05,0.9847552087460195,-23.270361780752573,23.422844227919096,-23.270361780752573,-23.270361780752573,-29.540117817559008,-29.86465692322713,0.0185294782465472,1662
0,,,,,,,,,,1663
0,,,,,,,,,,1664
0,,,,,,,,,,1665
0,,,,,,,,,,1666
0,,,,,,,,,,1668
0,,,,,,,,,,1669
0,,,,,,,,,,1670
0,,,,,,,,,,1671
0,,,,,,,,,,1672
0,,,,,,,,,,1673
0,,,,,,,,,,1675
0,,,,,,,,,,1677
0,7.682767126113268e-07,2.6927509217406644,33.62633731486692,2.4814432213669955,33.62633731486692,33.62633731486692,-33.147484978418994,-34.39692816305066,0.0032379289694797835,1679
0,,,,,,,,,,1680
0,,,,,,,,,,1682
0,,,,,,,,,,1683
0,,,,,,,,,,1684
0,,,,,,,,,,1685
0,,,,,,,,,,1686
0,,,,,,,,,,1687
0,,,,,,,,,,1690
0,,,,,,,,,,1691
0,,,,,,,,,,1693
0,,,,,,,,,,1694
0,,,,,,,,,,1695
0,,,,,,,,,,1696
0,,,,,,,,,,1697
0,,,,,,,,,,1698
0,5.725901840144613e-07,1.1053481655908723,1.4533939581442765,-0.036258228450293715,1.4533939581442765,1.4533939581442765,-9.760587567058622,-11.01003075169029,0.1596126837060524,1699
0,,,,,,,,,,1700
0,,,,,,,,,,1701
0,,,,,,,,,,1702
0,,,,,,,,,,1703
0,1.1235243629304917e-05,1.1460589955142442,-7.040478661836037,2.1867426793733222,-7.040478661836037,-7.040478661836037,-103.00051251697072,-95.22549132094474,0.38157747254379903,1704
0,,,,,,,,,,1705
0,,,,,,,,,,1706
0,,,,,,,,,,1707
0,,,,,,,,,,1708
0,,,,,,,,,,1710
0,,,,,,,,,,1711
0,,,,,,,,,,1712
0,,,,,,,,,,1713
0,,,,,,,,,,1714
0,,,,,,,,,,1715
0,,,,,,,,,,1716
0,,,,,,,,,,1717
0,,,,,,,,,,1718
0,,,,,,,,,,1719
0,,,,,,,,,,1720
0,,,,,,,,,,1721
0,,,,,,,,,,1722
0,,,,,,,,,,1723
0,,,,,,,,,,1724
0,,,,,,,,,,1725
0,,,,,,,,,,1726
0,,,,,,,,,,1727
0,,,,,,,,,,1728
0,,,,,,,,,,1729
0,,,,,,,,,,1730
0,,,,,,,,,,1731
0,0.00010109728198414992,0.25883755766508043,-1.6971358412740765,0.00018171285341071208,-1.6971358412740765,-1.6971358412740765,-115.01681494915312,-110.76851374253985,0.003151938993037322,1732
0,,,,,,,,,,1733
0,,,,,,,,,,1734
0,,,,,,,,,,1735
0,3.860157441350056e-05,0.3644520832185226,-2.601250191709009,1.5927293227083819,-2.601250191709009,-2.601250191709009,-150.7706779076031,-145.10404403260446,0.003615812085007695,1736
0,5.937662470586773e-05,0.42829249789453205,1.8242881414339585,-0.0001440940879343012,1.8242881414339585,1.8242881414339585,-100.54284387795882,-95.54356381362152,0.02266453427771924,1737
0,4.2043763424954076e-05,0.3410547189225514,1.8717806586786379,-3.740727270595283,1.8717806586786379,1.8717806586786379,-107.93933377776179,-102.5971032303848,0.022984744560686818,1738
0,19.657429653141048,-2.1662117310276923,-2.439504924799853,-4.334248568825471,-2.439504924799853,-2.439504924799853,-102.89731651904366,-98.6490153124304,0.007070876019535272,1739
0,1.1480067284964298e-05,1.8582349287961302,5.76324546097946,1.608534528801083,5.76324546097946,5.76324546097946,-145.95010657478724,-140.60787602741027,0.0027818637480861684,1740
0,1.6017275992037647e-05,1.1111962118077992,4.400928324045326,0.9574523132960531,4.400928324045326,4.400928324045326,-105.28068044093462,-100.64514810749593,0.01048873132439199,1741
0,5.8582331865693816e-05,0.22986946016880622,1.5065171065635508,-1.446095358303023,1.5065171065635508,1.5065171065635508,-101.83960978264575,-96.84032971830845,0.020999969571896704,1742
0,,,,,,,,,,1743
0,,,,,,,,,,1744
0,,,,,,,,,,1747
0,,,,,,,,,,1751
0,,,,,,,,,,1754
0,,,,,,,,,,1756
0,,,,,,,,,,1759
0,,,,,,,,,,1760
0,0.00841802729566381,5.749873214905754,47.59738382517775,5.399172098259573,47.59738382517775,47.59738382517775,-27.522401121616568,-25.135029484826344,0.3026887334863007,1761
0,,,,,,,,,,1762
0,0.0046383640244642465,4.419160528887234,16.196235826074055,4.150449525986107,16.196235826074055,16.196235826074055,-61.25465456412782,-54.70839984397792,0.787639664482216,1763
0,,,,,,,,,,1764
0,,,,,,,,,,1765
0,,,,,,,,,,1766
0,4.28152952257804e-05,6.471119549161262,16.90624371988837,6.026538028944773,16.90624371988837,16.90624371988837,-35.15408471372235,-34.677435463643334,0.022041702593209124,1767
0,,,,,,,,,,1768
0,,,,,,,,,,1769
0,,,,,,,,,,1770
0,0.00497026837690465,10.07059376079838,9.023956239385782,11.124153482767575,9.023956239385782,9.023956239385782,-110.58501939807556,-104.03876467792566,0.08365919938183389,1771
0,,,,,,,,,,1772
0,,,,,,,,,,1773
0,2.7392683634418063e-06,-1.302192380433808,-2.0596955921621745,-2.176770372197958,-2.0596955921621745,-2.0596955921621745,-72.01165436553498,-65.74451973919444,0.38441501873298073,1774
0,2.8052481179824815e-07,2.091135415188166,10.23280381048936,2.061432879254924,10.23280381048936,10.23280381048936,-61.588275085407545,-56.58899502107025,0.22413455403952204,1775
0,,,,,,,,,,1776
0,,,,,,,,,,1777
0,,,,,,,,,,1778
0,,,,,,,,,,1779
0,,,,,,,,,,1780
0,,,,,,,,,,1781
0,2.639549737275625e-05,1.1554834198460397,-12.912151992875922,2.005837604217667,-12.912151992875922,-12.912151992875922,-70.26919255601221,-62.27596549496099,1.4829288156180545,1782
0,2.7782870699662294,7.5097124728707945,8.9571785384446,6.862807252119688,8.9571785384446,8.9571785384446,-129.05982480672424,-121.99150182463656,0.06724323435604462,1783
0,,,,,,,,,,1784
0,9.902963828904554e-05,1.0343790897698755,16.44794495856833,1.8609424000267452,16.44794495856833,16.44794495856833,-158.47943163006477,-151.16617668085556,0.027315487216538998,1785
0,,,,,,,,,,1786
0,0.0028233146895189905,-2.6842348411065866,29.591124960081114,-3.220819632624704,29.591124960081114,29.591124960081114,-144.22879197066504,-136.23556490961383,0.10567412601498126,1787
0,,,,,,,,,,1788
0,,,,,,,,,,1789
0,,,,,,,,,,1790
0,,,,,,,,,,1791
0,,,,,,,,,,1792
0,,,,,,,,,,1793
0,,,,,,,,,,1794
0,,,,,,,,,,1795
0,,,,,,,,,,1796
0,,,,,,,,,,1797
0,,,,,,,,,,1798
0,,,,,,,,,,1799
0,8.156528994510012e-12,10.10109127739259,13.514060825894518,9.303894556714724,13.514060825894518,13.514060825894518,-95.97901512186031,-90.00462148053637,0.09042644849395404,1800
0,,,,,,,,,,1801
0,,,,,,,,,,1802
0,,,,,,,,,,1803
0,,,,,,,,,,1804
0,,,,,,,,,,1805
0,,,,,,,,,,1806
0,,,,,,,,,,1807
0,,,,,,,,,,1808
0,,,,,,,,,,1809
0,,,,,,,,,,1810
0,,,,,,,,,,1811
0,,,,,,,,,,1812
0,,,,,,,,,,1813
0,0.00013185812712509924,-0.790465493548704,-1.8970238883423376,5.206492199846022,-1.8970238883423376,-1.8970238883423376,-55.677754726931354,-54.49440726291404,0.004880410480107637,1814
0,1.5880155928139487e-05,0.33939518136449615,-1.1098131667785627,21.95467830848932,-1.1098131667785627,-1.1098131667785627,-47.248493148660685,-45.43298259069641,0.02672210317232903,1815
0,1.6433204199554625e-05,2.7189200629940027,5.915936249274416,2.111623187414407,5.915936249274416,5.915936249274416,-78.0868530624652,-75.17741316373719,0.006589148792059953,1816
0,,,,,,,,,,1817
0,,,,,,,,,,1818
0,1.917073962996694e-06,2.748610897058342,29.34079249610699,2.3182468545626644,29.34079249610699,29.34079249610699,-42.52629230298835,-40.71078174502408,0.042850235531395324,1819
0,,,,,,,,,,1820
0,,,,,,,,,,1821
0,,,,,,,,,,1822
0,,,,,,,,,,1823
0,,,,,,,,,,1824
0,,,,,,,,,,1825
0,,,,,,,,,,1826
0,,,,,,,,,,1827
0,,,,,,,,,,1828
0,,,,,,,,,,1829
0,,,,,,,,,,1830
0,9.8279331027037e-06,3.0592150287100033,0.0001003880039945655,2.2744801773600374,0.0001003880039945655,0.0001003880039945655,-48.47319392197398,-44.224892715360724,0.2662030114467007,1831
0,,,,,,,,,,1832
0,,,,,,,,,,1833
0,,,,,,,,,,1834
0,,,,,,,,,,1835
0,,,,,,,,,,1836
0,,,,,,,,,,1837
0,,,,,,,,,,1838
0,,,,,,,,,,1839
0,1.66736793355734e-05,0.5344803946826115,6.790312672552085,-0.0003200880073942746,6.790312672552085,6.790312672552085,-39.674016927254286,-37.286645290464065,0.10028465069439826,1840
0,,,,,,,,,,1841
0,,,,,,,,,,1842
0,,,,,,,,,,1844
0,2.23190383263254e-05,0.8149583982681271,2.809008503928201,0.39848604001263505,2.809008503928201,2.809008503928201,-52.37645766295748,-48.54211368526593,0.14096254321093699,1845
0,1.2692442172103086e-09,1.513771032237644,1.2873326527116162,-0.00826062344123045,1.2873326527116162,1.2873326527116162,0.7741547347288211,0.4496156290607001,1.4080671780800826,1846
0,,,,,,,,,,1847
0,,,,,,,,,,1848
0,,,,,,,,,,1849
0,,,,,,,,,,1850
0,,,,,,,,,,1853
0,0.0002432970960019221,0.8989022194591918,8.343707873156243e-05,1.5874282198849134,8.343707873156243e-05,8.343707873156243e-05,-96.90605535172449,-90.63892072538395,0.11748081937636741,1854
